ACT,2015-06-20 15:00:00,2015-06-21 00:30:00
AET,2015-06-20 15:00:00,2015-06-21 01:00:00
AET,2014-12-20 15:00:00,2014-12-21 02:00:00
AGT,2015-06-20 15:00:00,2015-06-20 12:00:00
ART,2014-06-20 15:00:00,2014-06-20 18:00:00
ART,2014-12-20 15:00:00,2014-12-20 17:00:00
AST,2015-06-20 15:00:00,2015-06-20 07:00:00
AST,2014-12-20 15:00:00,2014-12-20 06:00:00
Africa/Abidjan,2015-06-20 15:00:00,2015-06-20 15:00:00
Africa/Accra,2015-06-20 15:00:00,2015-06-20 15:00:00
Africa/Addis_Ababa,2015-06-20 15:00:00,2015-06-20 18:00:00
Africa/Algiers,2015-06-20 15:00:00,2015-06-20 16:00:00
Africa/Asmara,2015-06-20 15:00:00,2015-06-20 18:00:00
Africa/Asmera,2015-06-20 15:00:00,2015-06-20 18:00:00
Africa/Bamako,2015-06-20 15:00:00,2015-06-20 15:00:00
Africa/Bangui,2015-06-20 15:00:00,2015-06-20 16:00:00
Africa/Banjul,2015-06-20 15:00:00,2015-06-20 15:00:00
Africa/Bissau,2015-06-20 15:00:00,2015-06-20 15:00:00
Africa/Blantyre,2015-06-20 15:00:00,2015-06-20 17:00:00
Africa/Brazzaville,2015-06-20 15:00:00,2015-06-20 16:00:00
Africa/Bujumbura,2015-06-20 15:00:00,2015-06-20 17:00:00
Africa/Cairo,2014-06-20 15:00:00,2014-06-20 18:00:00
Africa/Cairo,2014-12-20 15:00:00,2014-12-20 17:00:00
Africa/Casablanca,2014-06-20 15:00:00,2014-06-20 16:00:00
Africa/Casablanca,2014-12-20 15:00:00,2014-12-20 15:00:00
Africa/Ceuta,2015-06-20 15:00:00,2015-06-20 17:00:00
Africa/Ceuta,2014-12-20 15:00:00,2014-12-20 16:00:00
Africa/Conakry,2015-06-20 15:00:00,2015-06-20 15:00:00
Africa/Dakar,2015-06-20 15:00:00,2015-06-20 15:00:00
Africa/Dar_es_Salaam,2015-06-20 15:00:00,2015-06-20 18:00:00
Africa/Djibouti,2015-06-20 15:00:00,2015-06-20 18:00:00
Africa/Douala,2015-06-20 15:00:00,2015-06-20 16:00:00
Africa/El_Aaiun,2014-06-20 15:00:00,2014-06-20 16:00:00
Africa/El_Aaiun,2014-12-20 15:00:00,2014-12-20 15:00:00
Africa/Freetown,2015-06-20 15:00:00,2015-06-20 15:00:00
Africa/Gaborone,2015-06-20 15:00:00,2015-06-20 17:00:00
Africa/Harare,2015-06-20 15:00:00,2015-06-20 17:00:00
Africa/Johannesburg,2015-06-20 15:00:00,2015-06-20 17:00:00
Africa/Juba,2015-06-20 15:00:00,2015-06-20 18:00:00
Africa/Kampala,2015-06-20 15:00:00,2015-06-20 18:00:00
Africa/Khartoum,2015-06-20 15:00:00,2015-06-20 18:00:00
Africa/Kigali,2015-06-20 15:00:00,2015-06-20 17:00:00
Africa/Kinshasa,2015-06-20 15:00:00,2015-06-20 16:00:00
Africa/Lagos,2015-06-20 15:00:00,2015-06-20 16:00:00
Africa/Libreville,2015-06-20 15:00:00,2015-06-20 16:00:00
Africa/Lome,2015-06-20 15:00:00,2015-06-20 15:00:00
Africa/Luanda,2015-06-20 15:00:00,2015-06-20 16:00:00
Africa/Lubumbashi,2015-06-20 15:00:00,2015-06-20 17:00:00
Africa/Lusaka,2015-06-20 15:00:00,2015-06-20 17:00:00
Africa/Malabo,2015-06-20 15:00:00,2015-06-20 16:00:00
Africa/Maputo,2015-06-20 15:00:00,2015-06-20 17:00:00
Africa/Maseru,2015-06-20 15:00:00,2015-06-20 17:00:00
Africa/Mbabane,2015-06-20 15:00:00,2015-06-20 17:00:00
Africa/Mogadishu,2015-06-20 15:00:00,2015-06-20 18:00:00
Africa/Monrovia,2015-06-20 15:00:00,2015-06-20 15:00:00
Africa/Nairobi,2015-06-20 15:00:00,2015-06-20 18:00:00
Africa/Ndjamena,2015-06-20 15:00:00,2015-06-20 16:00:00
Africa/Niamey,2015-06-20 15:00:00,2015-06-20 16:00:00
Africa/Nouakchott,2015-06-20 15:00:00,2015-06-20 15:00:00
Africa/Ouagadougou,2015-06-20 15:00:00,2015-06-20 15:00:00
Africa/Porto-Novo,2015-06-20 15:00:00,2015-06-20 16:00:00
Africa/Sao_Tome,2015-06-20 15:00:00,2015-06-20 15:00:00
Africa/Timbuktu,2015-06-20 15:00:00,2015-06-20 15:00:00
Africa/Tripoli,2015-06-20 15:00:00,2015-06-20 17:00:00
Africa/Tunis,2015-06-20 15:00:00,2015-06-20 16:00:00
Africa/Windhoek,2015-06-20 15:00:00,2015-06-20 16:00:00
Africa/Windhoek,2014-12-20 15:00:00,2014-12-20 17:00:00
America/Adak,2015-06-20 15:00:00,2015-06-20 06:00:00
America/Adak,2014-12-20 15:00:00,2014-12-20 05:00:00
America/Anchorage,2015-06-20 15:00:00,2015-06-20 07:00:00
America/Anchorage,2014-12-20 15:00:00,2014-12-20 06:00:00
America/Anguilla,2015-06-20 15:00:00,2015-06-20 11:00:00
America/Antigua,2015-06-20 15:00:00,2015-06-20 11:00:00
America/Araguaina,2015-06-20 15:00:00,2015-06-20 12:00:00
America/Argentina/Buenos_Aires,2015-06-20 15:00:00,2015-06-20 12:00:00
America/Argentina/Catamarca,2015-06-20 15:00:00,2015-06-20 12:00:00
America/Argentina/ComodRivadavia,2015-06-20 15:00:00,2015-06-20 12:00:00
America/Argentina/Cordoba,2015-06-20 15:00:00,2015-06-20 12:00:00
America/Argentina/Jujuy,2015-06-20 15:00:00,2015-06-20 12:00:00
America/Argentina/La_Rioja,2015-06-20 15:00:00,2015-06-20 12:00:00
America/Argentina/Mendoza,2015-06-20 15:00:00,2015-06-20 12:00:00
America/Argentina/Rio_Gallegos,2015-06-20 15:00:00,2015-06-20 12:00:00
America/Argentina/Salta,2015-06-20 15:00:00,2015-06-20 12:00:00
America/Argentina/San_Juan,2015-06-20 15:00:00,2015-06-20 12:00:00
America/Argentina/San_Luis,2015-06-20 15:00:00,2015-06-20 12:00:00
America/Argentina/Tucuman,2015-06-20 15:00:00,2015-06-20 12:00:00
America/Argentina/Ushuaia,2015-06-20 15:00:00,2015-06-20 12:00:00
America/Aruba,2015-06-20 15:00:00,2015-06-20 11:00:00
America/Asuncion,2015-06-20 15:00:00,2015-06-20 11:00:00
America/Asuncion,2014-12-20 15:00:00,2014-12-20 12:00:00
America/Atikokan,2015-06-20 15:00:00,2015-06-20 10:00:00
America/Atka,2015-06-20 15:00:00,2015-06-20 06:00:00
America/Atka,2014-12-20 15:00:00,2014-12-20 05:00:00
America/Bahia,2015-06-20 15:00:00,2015-06-20 12:00:00
America/Bahia_Banderas,2015-06-20 15:00:00,2015-06-20 10:00:00
America/Bahia_Banderas,2014-12-20 15:00:00,2014-12-20 09:00:00
America/Barbados,2015-06-20 15:00:00,2015-06-20 11:00:00
America/Belem,2015-06-20 15:00:00,2015-06-20 12:00:00
America/Belize,2015-06-20 15:00:00,2015-06-20 09:00:00
America/Blanc-Sablon,2015-06-20 15:00:00,2015-06-20 11:00:00
America/Boa_Vista,2015-06-20 15:00:00,2015-06-20 11:00:00
America/Bogota,2015-06-20 15:00:00,2015-06-20 10:00:00
America/Boise,2015-06-20 15:00:00,2015-06-20 09:00:00
America/Boise,2014-12-20 15:00:00,2014-12-20 08:00:00
America/Buenos_Aires,2015-06-20 15:00:00,2015-06-20 12:00:00
America/Cambridge_Bay,2015-06-20 15:00:00,2015-06-20 09:00:00
America/Cambridge_Bay,2014-12-20 15:00:00,2014-12-20 08:00:00
America/Campo_Grande,2015-06-20 15:00:00,2015-06-20 11:00:00
America/Campo_Grande,2014-12-20 15:00:00,2014-12-20 12:00:00
America/Cancun,2015-06-20 15:00:00,2015-06-20 10:00:00
America/Cancun,2014-12-20 15:00:00,2014-12-20 09:00:00
America/Caracas,2015-06-20 15:00:00,2015-06-20 10:30:00
America/Catamarca,2015-06-20 15:00:00,2015-06-20 12:00:00
America/Cayenne,2015-06-20 15:00:00,2015-06-20 12:00:00
America/Cayman,2015-06-20 15:00:00,2015-06-20 10:00:00
America/Chicago,2015-06-20 15:00:00,2015-06-20 10:00:00
America/Chicago,2014-12-20 15:00:00,2014-12-20 09:00:00
America/Chihuahua,2015-06-20 15:00:00,2015-06-20 09:00:00
America/Chihuahua,2014-12-20 15:00:00,2014-12-20 08:00:00
America/Coral_Harbour,2015-06-20 15:00:00,2015-06-20 10:00:00
America/Cordoba,2015-06-20 15:00:00,2015-06-20 12:00:00
America/Costa_Rica,2015-06-20 15:00:00,2015-06-20 09:00:00
America/Creston,2015-06-20 15:00:00,2015-06-20 08:00:00
America/Cuiaba,2015-06-20 15:00:00,2015-06-20 11:00:00
America/Cuiaba,2014-12-20 15:00:00,2014-12-20 12:00:00
America/Curacao,2015-06-20 15:00:00,2015-06-20 11:00:00
America/Danmarkshavn,2015-06-20 15:00:00,2015-06-20 15:00:00
America/Dawson,2015-06-20 15:00:00,2015-06-20 08:00:00
America/Dawson,2014-12-20 15:00:00,2014-12-20 07:00:00
America/Dawson_Creek,2015-06-20 15:00:00,2015-06-20 08:00:00
America/Denver,2015-06-20 15:00:00,2015-06-20 09:00:00
America/Denver,2014-12-20 15:00:00,2014-12-20 08:00:00
America/Detroit,2015-06-20 15:00:00,2015-06-20 11:00:00
America/Detroit,2014-12-20 15:00:00,2014-12-20 10:00:00
America/Dominica,2015-06-20 15:00:00,2015-06-20 11:00:00
America/Edmonton,2015-06-20 15:00:00,2015-06-20 09:00:00
America/Edmonton,2014-12-20 15:00:00,2014-12-20 08:00:00
America/Eirunepe,2015-06-20 15:00:00,2015-06-20 10:00:00
America/El_Salvador,2015-06-20 15:00:00,2015-06-20 09:00:00
America/Ensenada,2015-06-20 15:00:00,2015-06-20 08:00:00
America/Ensenada,2014-12-20 15:00:00,2014-12-20 07:00:00
America/Fort_Wayne,2015-06-20 15:00:00,2015-06-20 11:00:00
America/Fort_Wayne,2014-12-20 15:00:00,2014-12-20 10:00:00
America/Fortaleza,2015-06-20 15:00:00,2015-06-20 12:00:00
America/Glace_Bay,2015-06-20 15:00:00,2015-06-20 12:00:00
America/Glace_Bay,2014-12-20 15:00:00,2014-12-20 11:00:00
America/Godthab,2015-06-20 15:00:00,2015-06-20 13:00:00
America/Godthab,2014-12-20 15:00:00,2014-12-20 12:00:00
America/Goose_Bay,2015-06-20 15:00:00,2015-06-20 12:00:00
America/Goose_Bay,2014-12-20 15:00:00,2014-12-20 11:00:00
America/Grand_Turk,2015-06-20 15:00:00,2015-06-20 11:00:00
America/Grenada,2015-06-20 15:00:00,2015-06-20 11:00:00
America/Guadeloupe,2015-06-20 15:00:00,2015-06-20 11:00:00
America/Guatemala,2015-06-20 15:00:00,2015-06-20 09:00:00
America/Guayaquil,2015-06-20 15:00:00,2015-06-20 10:00:00
America/Guyana,2015-06-20 15:00:00,2015-06-20 11:00:00
America/Halifax,2015-06-20 15:00:00,2015-06-20 12:00:00
America/Halifax,2014-12-20 15:00:00,2014-12-20 11:00:00
America/Havana,2015-06-20 15:00:00,2015-06-20 11:00:00
America/Havana,2014-12-20 15:00:00,2014-12-20 10:00:00
America/Hermosillo,2015-06-20 15:00:00,2015-06-20 08:00:00
America/Indiana/Indianapolis,2015-06-20 15:00:00,2015-06-20 11:00:00
America/Indiana/Indianapolis,2014-12-20 15:00:00,2014-12-20 10:00:00
America/Indiana/Knox,2015-06-20 15:00:00,2015-06-20 10:00:00
America/Indiana/Knox,2014-12-20 15:00:00,2014-12-20 09:00:00
America/Indiana/Marengo,2015-06-20 15:00:00,2015-06-20 11:00:00
America/Indiana/Marengo,2014-12-20 15:00:00,2014-12-20 10:00:00
America/Indiana/Petersburg,2015-06-20 15:00:00,2015-06-20 11:00:00
America/Indiana/Petersburg,2014-12-20 15:00:00,2014-12-20 10:00:00
America/Indiana/Tell_City,2015-06-20 15:00:00,2015-06-20 10:00:00
America/Indiana/Tell_City,2014-12-20 15:00:00,2014-12-20 09:00:00
America/Indiana/Vevay,2015-06-20 15:00:00,2015-06-20 11:00:00
America/Indiana/Vevay,2014-12-20 15:00:00,2014-12-20 10:00:00
America/Indiana/Vincennes,2015-06-20 15:00:00,2015-06-20 11:00:00
America/Indiana/Vincennes,2014-12-20 15:00:00,2014-12-20 10:00:00
America/Indiana/Winamac,2015-06-20 15:00:00,2015-06-20 11:00:00
America/Indiana/Winamac,2014-12-20 15:00:00,2014-12-20 10:00:00
America/Indianapolis,2015-06-20 15:00:00,2015-06-20 11:00:00
America/Indianapolis,2014-12-20 15:00:00,2014-12-20 10:00:00
America/Inuvik,2015-06-20 15:00:00,2015-06-20 09:00:00
America/Inuvik,2014-12-20 15:00:00,2014-12-20 08:00:00
America/Iqaluit,2015-06-20 15:00:00,2015-06-20 11:00:00
America/Iqaluit,2014-12-20 15:00:00,2014-12-20 10:00:00
America/Jamaica,2015-06-20 15:00:00,2015-06-20 10:00:00
America/Jujuy,2015-06-20 15:00:00,2015-06-20 12:00:00
America/Juneau,2015-06-20 15:00:00,2015-06-20 07:00:00
America/Juneau,2014-12-20 15:00:00,2014-12-20 06:00:00
America/Kentucky/Louisville,2015-06-20 15:00:00,2015-06-20 11:00:00
America/Kentucky/Louisville,2014-12-20 15:00:00,2014-12-20 10:00:00
America/Kentucky/Monticello,2015-06-20 15:00:00,2015-06-20 11:00:00
America/Kentucky/Monticello,2014-12-20 15:00:00,2014-12-20 10:00:00
America/Knox_IN,2015-06-20 15:00:00,2015-06-20 10:00:00
America/Knox_IN,2014-12-20 15:00:00,2014-12-20 09:00:00
America/Kralendijk,2015-06-20 15:00:00,2015-06-20 11:00:00
America/La_Paz,2015-06-20 15:00:00,2015-06-20 11:00:00
America/Lima,2015-06-20 15:00:00,2015-06-20 10:00:00
America/Los_Angeles,2015-06-20 15:00:00,2015-06-20 08:00:00
America/Los_Angeles,2014-12-20 15:00:00,2014-12-20 07:00:00
America/Louisville,2015-06-20 15:00:00,2015-06-20 11:00:00
America/Louisville,2014-12-20 15:00:00,2014-12-20 10:00:00
America/Lower_Princes,2015-06-20 15:00:00,2015-06-20 11:00:00
America/Maceio,2015-06-20 15:00:00,2015-06-20 12:00:00
America/Managua,2015-06-20 15:00:00,2015-06-20 09:00:00
America/Manaus,2015-06-20 15:00:00,2015-06-20 11:00:00
America/Marigot,2015-06-20 15:00:00,2015-06-20 11:00:00
America/Martinique,2015-06-20 15:00:00,2015-06-20 11:00:00
America/Matamoros,2015-06-20 15:00:00,2015-06-20 10:00:00
America/Matamoros,2014-12-20 15:00:00,2014-12-20 09:00:00
America/Mazatlan,2015-06-20 15:00:00,2015-06-20 09:00:00
America/Mazatlan,2014-12-20 15:00:00,2014-12-20 08:00:00
America/Mendoza,2015-06-20 15:00:00,2015-06-20 12:00:00
America/Menominee,2015-06-20 15:00:00,2015-06-20 10:00:00
America/Menominee,2014-12-20 15:00:00,2014-12-20 09:00:00
America/Merida,2015-06-20 15:00:00,2015-06-20 10:00:00
America/Merida,2014-12-20 15:00:00,2014-12-20 09:00:00
America/Metlakatla,2015-06-20 15:00:00,2015-06-20 07:00:00
America/Mexico_City,2015-06-20 15:00:00,2015-06-20 10:00:00
America/Mexico_City,2014-12-20 15:00:00,2014-12-20 09:00:00
America/Miquelon,2015-06-20 15:00:00,2015-06-20 13:00:00
America/Miquelon,2014-12-20 15:00:00,2014-12-20 12:00:00
America/Moncton,2015-06-20 15:00:00,2015-06-20 12:00:00
America/Moncton,2014-12-20 15:00:00,2014-12-20 11:00:00
America/Monterrey,2015-06-20 15:00:00,2015-06-20 10:00:00
America/Monterrey,2014-12-20 15:00:00,2014-12-20 09:00:00
America/Montevideo,2015-06-20 15:00:00,2015-06-20 12:00:00
America/Montevideo,2014-12-20 15:00:00,2014-12-20 13:00:00
America/Montreal,2015-06-20 15:00:00,2015-06-20 11:00:00
America/Montreal,2014-12-20 15:00:00,2014-12-20 10:00:00
America/Montserrat,2015-06-20 15:00:00,2015-06-20 11:00:00
America/Nassau,2015-06-20 15:00:00,2015-06-20 11:00:00
America/Nassau,2014-12-20 15:00:00,2014-12-20 10:00:00
America/New_York,2015-06-20 15:00:00,2015-06-20 11:00:00
America/New_York,2014-12-20 15:00:00,2014-12-20 10:00:00
America/Nipigon,2015-06-20 15:00:00,2015-06-20 11:00:00
America/Nipigon,2014-12-20 15:00:00,2014-12-20 10:00:00
America/Nome,2015-06-20 15:00:00,2015-06-20 07:00:00
America/Nome,2014-12-20 15:00:00,2014-12-20 06:00:00
America/Noronha,2015-06-20 15:00:00,2015-06-20 13:00:00
America/North_Dakota/Beulah,2015-06-20 15:00:00,2015-06-20 10:00:00
America/North_Dakota/Beulah,2014-12-20 15:00:00,2014-12-20 09:00:00
America/North_Dakota/Center,2015-06-20 15:00:00,2015-06-20 10:00:00
America/North_Dakota/Center,2014-12-20 15:00:00,2014-12-20 09:00:00
America/North_Dakota/New_Salem,2015-06-20 15:00:00,2015-06-20 10:00:00
America/North_Dakota/New_Salem,2014-12-20 15:00:00,2014-12-20 09:00:00
America/Ojinaga,2015-06-20 15:00:00,2015-06-20 09:00:00
America/Ojinaga,2014-12-20 15:00:00,2014-12-20 08:00:00
America/Panama,2015-06-20 15:00:00,2015-06-20 10:00:00
America/Pangnirtung,2015-06-20 15:00:00,2015-06-20 11:00:00
America/Pangnirtung,2014-12-20 15:00:00,2014-12-20 10:00:00
America/Paramaribo,2015-06-20 15:00:00,2015-06-20 12:00:00
America/Phoenix,2015-06-20 15:00:00,2015-06-20 08:00:00
America/Port-au-Prince,2015-06-20 15:00:00,2015-06-20 11:00:00
America/Port-au-Prince,2014-12-20 15:00:00,2014-12-20 10:00:00
America/Port_of_Spain,2015-06-20 15:00:00,2015-06-20 11:00:00
America/Porto_Acre,2015-06-20 15:00:00,2015-06-20 10:00:00
America/Porto_Velho,2015-06-20 15:00:00,2015-06-20 11:00:00
America/Puerto_Rico,2015-06-20 15:00:00,2015-06-20 11:00:00
America/Rainy_River,2015-06-20 15:00:00,2015-06-20 10:00:00
America/Rainy_River,2014-12-20 15:00:00,2014-12-20 09:00:00
America/Rankin_Inlet,2015-06-20 15:00:00,2015-06-20 10:00:00
America/Rankin_Inlet,2014-12-20 15:00:00,2014-12-20 09:00:00
America/Recife,2015-06-20 15:00:00,2015-06-20 12:00:00
America/Regina,2015-06-20 15:00:00,2015-06-20 09:00:00
America/Resolute,2015-06-20 15:00:00,2015-06-20 10:00:00
America/Resolute,2014-12-20 15:00:00,2014-12-20 09:00:00
America/Rio_Branco,2015-06-20 15:00:00,2015-06-20 10:00:00
America/Rosario,2015-06-20 15:00:00,2015-06-20 12:00:00
America/Santa_Isabel,2015-06-20 15:00:00,2015-06-20 08:00:00
America/Santa_Isabel,2014-12-20 15:00:00,2014-12-20 07:00:00
America/Santarem,2015-06-20 15:00:00,2015-06-20 12:00:00
America/Santiago,2015-06-20 15:00:00,2015-06-20 12:00:00
America/Santiago,2014-12-20 15:00:00,2014-12-20 12:00:00
America/Santo_Domingo,2015-06-20 15:00:00,2015-06-20 11:00:00
America/Sao_Paulo,2015-06-20 15:00:00,2015-06-20 12:00:00
America/Sao_Paulo,2014-12-20 15:00:00,2014-12-20 13:00:00
America/Scoresbysund,2015-06-20 15:00:00,2015-06-20 15:00:00
America/Scoresbysund,2014-12-20 15:00:00,2014-12-20 14:00:00
America/Shiprock,2015-06-20 15:00:00,2015-06-20 09:00:00
America/Shiprock,2014-12-20 15:00:00,2014-12-20 08:00:00
America/Sitka,2015-06-20 15:00:00,2015-06-20 07:00:00
America/Sitka,2014-12-20 15:00:00,2014-12-20 06:00:00
America/St_Barthelemy,2015-06-20 15:00:00,2015-06-20 11:00:00
America/St_Johns,2015-06-20 15:00:00,2015-06-20 12:30:00
America/St_Johns,2014-12-20 15:00:00,2014-12-20 11:30:00
America/St_Kitts,2015-06-20 15:00:00,2015-06-20 11:00:00
America/St_Lucia,2015-06-20 15:00:00,2015-06-20 11:00:00
America/St_Thomas,2015-06-20 15:00:00,2015-06-20 11:00:00
America/St_Vincent,2015-06-20 15:00:00,2015-06-20 11:00:00
America/Swift_Current,2015-06-20 15:00:00,2015-06-20 09:00:00
America/Tegucigalpa,2015-06-20 15:00:00,2015-06-20 09:00:00
America/Thule,2015-06-20 15:00:00,2015-06-20 12:00:00
America/Thule,2014-12-20 15:00:00,2014-12-20 11:00:00
America/Thunder_Bay,2015-06-20 15:00:00,2015-06-20 11:00:00
America/Thunder_Bay,2014-12-20 15:00:00,2014-12-20 10:00:00
America/Tijuana,2015-06-20 15:00:00,2015-06-20 08:00:00
America/Tijuana,2014-12-20 15:00:00,2014-12-20 07:00:00
America/Toronto,2015-06-20 15:00:00,2015-06-20 11:00:00
America/Toronto,2014-12-20 15:00:00,2014-12-20 10:00:00
America/Tortola,2015-06-20 15:00:00,2015-06-20 11:00:00
America/Vancouver,2015-06-20 15:00:00,2015-06-20 08:00:00
America/Vancouver,2014-12-20 15:00:00,2014-12-20 07:00:00
America/Virgin,2015-06-20 15:00:00,2015-06-20 11:00:00
America/Whitehorse,2015-06-20 15:00:00,2015-06-20 08:00:00
America/Whitehorse,2014-12-20 15:00:00,2014-12-20 07:00:00
America/Winnipeg,2015-06-20 15:00:00,2015-06-20 10:00:00
America/Winnipeg,2014-12-20 15:00:00,2014-12-20 09:00:00
America/Yakutat,2015-06-20 15:00:00,2015-06-20 07:00:00
America/Yakutat,2014-12-20 15:00:00,2014-12-20 06:00:00
America/Yellowknife,2015-06-20 15:00:00,2015-06-20 09:00:00
America/Yellowknife,2014-12-20 15:00:00,2014-12-20 08:00:00
Antarctica/Casey,2015-06-20 15:00:00,2015-06-20 23:00:00
Antarctica/Davis,2015-06-20 15:00:00,2015-06-20 22:00:00
Antarctica/DumontDUrville,2015-06-20 15:00:00,2015-06-21 01:00:00
Antarctica/Macquarie,2015-06-20 15:00:00,2015-06-21 02:00:00
Antarctica/Mawson,2015-06-20 15:00:00,2015-06-20 20:00:00
Antarctica/McMurdo,2015-06-20 15:00:00,2015-06-21 03:00:00
Antarctica/McMurdo,2014-12-20 15:00:00,2014-12-21 04:00:00
Antarctica/Palmer,2015-06-20 15:00:00,2015-06-20 12:00:00
Antarctica/Palmer,2014-12-20 15:00:00,2014-12-20 12:00:00
Antarctica/Rothera,2015-06-20 15:00:00,2015-06-20 12:00:00
Antarctica/South_Pole,2015-06-20 15:00:00,2015-06-21 03:00:00
Antarctica/South_Pole,2014-12-20 15:00:00,2014-12-21 04:00:00
Antarctica/Syowa,2015-06-20 15:00:00,2015-06-20 18:00:00
Antarctica/Troll,2015-06-20 15:00:00,2015-06-20 17:00:00
Antarctica/Troll,2014-12-20 15:00:00,2014-12-20 15:00:00
Antarctica/Vostok,2015-06-20 15:00:00,2015-06-20 21:00:00
Arctic/Longyearbyen,2015-06-20 15:00:00,2015-06-20 17:00:00
Arctic/Longyearbyen,2014-12-20 15:00:00,2014-12-20 16:00:00
Asia/Aden,2015-06-20 15:00:00,2015-06-20 18:00:00
Asia/Almaty,2015-06-20 15:00:00,2015-06-20 21:00:00
Asia/Amman,2015-06-20 15:00:00,2015-06-20 18:00:00
Asia/Amman,2014-12-20 15:00:00,2014-12-20 17:00:00
Asia/Anadyr,2015-06-20 15:00:00,2015-06-21 03:00:00
Asia/Aqtau,2015-06-20 15:00:00,2015-06-20 20:00:00
Asia/Aqtobe,2015-06-20 15:00:00,2015-06-20 20:00:00
Asia/Ashgabat,2015-06-20 15:00:00,2015-06-20 20:00:00
Asia/Ashkhabad,2015-06-20 15:00:00,2015-06-20 20:00:00
Asia/Baghdad,2015-06-20 15:00:00,2015-06-20 18:00:00
Asia/Bahrain,2015-06-20 15:00:00,2015-06-20 18:00:00
Asia/Baku,2015-06-20 15:00:00,2015-06-20 20:00:00
Asia/Baku,2014-12-20 15:00:00,2014-12-20 19:00:00
Asia/Bangkok,2015-06-20 15:00:00,2015-06-20 22:00:00
Asia/Beirut,2015-06-20 15:00:00,2015-06-20 18:00:00
Asia/Beirut,2014-12-20 15:00:00,2014-12-20 17:00:00
Asia/Bishkek,2015-06-20 15:00:00,2015-06-20 21:00:00
Asia/Brunei,2015-06-20 15:00:00,2015-06-20 23:00:00
Asia/Calcutta,2015-06-20 15:00:00,2015-06-20 20:30:00
Asia/Chita,2015-06-20 15:00:00,2015-06-20 23:00:00
Asia/Choibalsan,2015-06-20 15:00:00,2015-06-21 00:00:00
Asia/Chongqing,2015-06-20 15:00:00,2015-06-20 23:00:00
Asia/Chungking,2015-06-20 15:00:00,2015-06-20 23:00:00
Asia/Colombo,2015-06-20 15:00:00,2015-06-20 20:30:00
Asia/Dacca,2015-06-20 15:00:00,2015-06-20 21:00:00
Asia/Damascus,2015-06-20 15:00:00,2015-06-20 18:00:00
Asia/Damascus,2014-12-20 15:00:00,2014-12-20 17:00:00
Asia/Dhaka,2015-06-20 15:00:00,2015-06-20 21:00:00
Asia/Dili,2015-06-20 15:00:00,2015-06-21 00:00:00
Asia/Dubai,2015-06-20 15:00:00,2015-06-20 19:00:00
Asia/Dushanbe,2015-06-20 15:00:00,2015-06-20 20:00:00
Asia/Gaza,2015-06-20 15:00:00,2015-06-20 18:00:00
Asia/Gaza,2014-12-20 15:00:00,2014-12-20 17:00:00
Asia/Harbin,2015-06-20 15:00:00,2015-06-20 23:00:00
Asia/Hebron,2015-06-20 15:00:00,2015-06-20 18:00:00
Asia/Hebron,2014-12-20 15:00:00,2014-12-20 17:00:00
Asia/Ho_Chi_Minh,2015-06-20 15:00:00,2015-06-20 22:00:00
Asia/Hong_Kong,2015-06-20 15:00:00,2015-06-20 23:00:00
Asia/Hovd,2015-06-20 15:00:00,2015-06-20 23:00:00
Asia/Irkutsk,2015-06-20 15:00:00,2015-06-20 23:00:00
Asia/Istanbul,2015-06-20 15:00:00,2015-06-20 18:00:00
Asia/Istanbul,2014-12-20 15:00:00,2014-12-20 17:00:00
Asia/Jakarta,2015-06-20 15:00:00,2015-06-20 22:00:00
Asia/Jayapura,2015-06-20 15:00:00,2015-06-21 00:00:00
Asia/Jerusalem,2015-06-20 15:00:00,2015-06-20 18:00:00
Asia/Jerusalem,2014-12-20 15:00:00,2014-12-20 17:00:00
Asia/Kabul,2015-06-20 15:00:00,2015-06-20 19:30:00
Asia/Kamchatka,2015-06-20 15:00:00,2015-06-21 03:00:00
Asia/Karachi,2015-06-20 15:00:00,2015-06-20 20:00:00
Asia/Kashgar,2015-06-20 15:00:00,2015-06-20 21:00:00
Asia/Kathmandu,2015-06-20 15:00:00,2015-06-20 20:45:00
Asia/Katmandu,2015-06-20 15:00:00,2015-06-20 20:45:00
Asia/Khandyga,2015-06-20 15:00:00,2015-06-21 00:00:00
Asia/Kolkata,2015-06-20 15:00:00,2015-06-20 20:30:00
Asia/Krasnoyarsk,2015-06-20 15:00:00,2015-06-20 22:00:00
Asia/Kuala_Lumpur,2015-06-20 15:00:00,2015-06-20 23:00:00
Asia/Kuching,2015-06-20 15:00:00,2015-06-20 23:00:00
Asia/Kuwait,2015-06-20 15:00:00,2015-06-20 18:00:00
Asia/Macao,2015-06-20 15:00:00,2015-06-20 23:00:00
Asia/Macau,2015-06-20 15:00:00,2015-06-20 23:00:00
Asia/Magadan,2015-06-20 15:00:00,2015-06-21 01:00:00
Asia/Makassar,2015-06-20 15:00:00,2015-06-20 23:00:00
Asia/Manila,2015-06-20 15:00:00,2015-06-20 23:00:00
Asia/Muscat,2015-06-20 15:00:00,2015-06-20 19:00:00
Asia/Nicosia,2015-06-20 15:00:00,2015-06-20 18:00:00
Asia/Nicosia,2014-12-20 15:00:00,2014-12-20 17:00:00
Asia/Novokuznetsk,2015-06-20 15:00:00,2015-06-20 22:00:00
Asia/Novosibirsk,2015-06-20 15:00:00,2015-06-20 21:00:00
Asia/Omsk,2015-06-20 15:00:00,2015-06-20 21:00:00
Asia/Oral,2015-06-20 15:00:00,2015-06-20 20:00:00
Asia/Phnom_Penh,2015-06-20 15:00:00,2015-06-20 22:00:00
Asia/Pontianak,2015-06-20 15:00:00,2015-06-20 22:00:00
Asia/Pyongyang,2015-06-20 15:00:00,2015-06-21 00:00:00
Asia/Qatar,2015-06-20 15:00:00,2015-06-20 18:00:00
Asia/Qyzylorda,2015-06-20 15:00:00,2015-06-20 21:00:00
Asia/Rangoon,2015-06-20 15:00:00,2015-06-20 21:30:00
Asia/Riyadh,2015-06-20 15:00:00,2015-06-20 18:00:00
Asia/Saigon,2015-06-20 15:00:00,2015-06-20 22:00:00
Asia/Sakhalin,2015-06-20 15:00:00,2015-06-21 01:00:00
Asia/Samarkand,2015-06-20 15:00:00,2015-06-20 20:00:00
Asia/Seoul,2015-06-20 15:00:00,2015-06-21 00:00:00
Asia/Shanghai,2015-06-20 15:00:00,2015-06-20 23:00:00
Asia/Singapore,2015-06-20 15:00:00,2015-06-20 23:00:00
Asia/Srednekolymsk,2015-06-20 15:00:00,2015-06-21 02:00:00
Asia/Taipei,2015-06-20 15:00:00,2015-06-20 23:00:00
Asia/Tashkent,2015-06-20 15:00:00,2015-06-20 20:00:00
Asia/Tbilisi,2015-06-20 15:00:00,2015-06-20 19:00:00
Asia/Tehran,2015-06-20 15:00:00,2015-06-20 19:30:00
Asia/Tehran,2014-12-20 15:00:00,2014-12-20 18:30:00
Asia/Tel_Aviv,2015-06-20 15:00:00,2015-06-20 18:00:00
Asia/Tel_Aviv,2014-12-20 15:00:00,2014-12-20 17:00:00
Asia/Thimbu,2015-06-20 15:00:00,2015-06-20 21:00:00
Asia/Thimphu,2015-06-20 15:00:00,2015-06-20 21:00:00
Asia/Tokyo,2015-06-20 15:00:00,2015-06-21 00:00:00
Asia/Ujung_Pandang,2015-06-20 15:00:00,2015-06-20 23:00:00
Asia/Ulaanbaatar,2015-06-20 15:00:00,2015-06-21 00:00:00
Asia/Ulan_Bator,2015-06-20 15:00:00,2015-06-21 00:00:00
Asia/Urumqi,2015-06-20 15:00:00,2015-06-20 21:00:00
Asia/Ust-Nera,2015-06-20 15:00:00,2015-06-21 01:00:00
Asia/Vientiane,2015-06-20 15:00:00,2015-06-20 22:00:00
Asia/Vladivostok,2015-06-20 15:00:00,2015-06-21 01:00:00
Asia/Yakutsk,2015-06-20 15:00:00,2015-06-21 00:00:00
Asia/Yekaterinburg,2015-06-20 15:00:00,2015-06-20 20:00:00
Asia/Yerevan,2015-06-20 15:00:00,2015-06-20 19:00:00
Atlantic/Azores,2015-06-20 15:00:00,2015-06-20 15:00:00
Atlantic/Azores,2014-12-20 15:00:00,2014-12-20 14:00:00
Atlantic/Bermuda,2015-06-20 15:00:00,2015-06-20 12:00:00
Atlantic/Bermuda,2014-12-20 15:00:00,2014-12-20 11:00:00
Atlantic/Canary,2015-06-20 15:00:00,2015-06-20 16:00:00
Atlantic/Canary,2014-12-20 15:00:00,2014-12-20 15:00:00
Atlantic/Cape_Verde,2015-06-20 15:00:00,2015-06-20 14:00:00
Atlantic/Faeroe,2015-06-20 15:00:00,2015-06-20 16:00:00
Atlantic/Faeroe,2014-12-20 15:00:00,2014-12-20 15:00:00
Atlantic/Faroe,2015-06-20 15:00:00,2015-06-20 16:00:00
Atlantic/Faroe,2014-12-20 15:00:00,2014-12-20 15:00:00
Atlantic/Jan_Mayen,2015-06-20 15:00:00,2015-06-20 17:00:00
Atlantic/Jan_Mayen,2014-12-20 15:00:00,2014-12-20 16:00:00
Atlantic/Madeira,2015-06-20 15:00:00,2015-06-20 16:00:00
Atlantic/Madeira,2014-12-20 15:00:00,2014-12-20 15:00:00
Atlantic/Reykjavik,2015-06-20 15:00:00,2015-06-20 15:00:00
Atlantic/South_Georgia,2015-06-20 15:00:00,2015-06-20 13:00:00
Atlantic/St_Helena,2015-06-20 15:00:00,2015-06-20 15:00:00
Atlantic/Stanley,2015-06-20 15:00:00,2015-06-20 12:00:00
Australia/ACT,2015-06-20 15:00:00,2015-06-21 01:00:00
Australia/ACT,2014-12-20 15:00:00,2014-12-21 02:00:00
Australia/Adelaide,2015-06-20 15:00:00,2015-06-21 00:30:00
Australia/Adelaide,2014-12-20 15:00:00,2014-12-21 01:30:00
Australia/Brisbane,2015-06-20 15:00:00,2015-06-21 01:00:00
Australia/Broken_Hill,2015-06-20 15:00:00,2015-06-21 00:30:00
Australia/Broken_Hill,2014-12-20 15:00:00,2014-12-21 01:30:00
Australia/Canberra,2015-06-20 15:00:00,2015-06-21 01:00:00
Australia/Canberra,2014-12-20 15:00:00,2014-12-21 02:00:00
Australia/Currie,2015-06-20 15:00:00,2015-06-21 01:00:00
Australia/Currie,2014-12-20 15:00:00,2014-12-21 02:00:00
Australia/Darwin,2015-06-20 15:00:00,2015-06-21 00:30:00
Australia/Eucla,2015-06-20 15:00:00,2015-06-20 23:45:00
Australia/Hobart,2015-06-20 15:00:00,2015-06-21 01:00:00
Australia/Hobart,2014-12-20 15:00:00,2014-12-21 02:00:00
Australia/LHI,2015-06-20 15:00:00,2015-06-21 01:30:00
Australia/LHI,2014-12-20 15:00:00,2014-12-21 02:00:00
Australia/Lindeman,2015-06-20 15:00:00,2015-06-21 01:00:00
Australia/Lord_Howe,2015-06-20 15:00:00,2015-06-21 01:30:00
Australia/Lord_Howe,2014-12-20 15:00:00,2014-12-21 02:00:00
Australia/Melbourne,2015-06-20 15:00:00,2015-06-21 01:00:00
Australia/Melbourne,2014-12-20 15:00:00,2014-12-21 02:00:00
Australia/NSW,2015-06-20 15:00:00,2015-06-21 01:00:00
Australia/NSW,2014-12-20 15:00:00,2014-12-21 02:00:00
Australia/North,2015-06-20 15:00:00,2015-06-21 00:30:00
Australia/Perth,2015-06-20 15:00:00,2015-06-20 23:00:00
Australia/Queensland,2015-06-20 15:00:00,2015-06-21 01:00:00
Australia/South,2015-06-20 15:00:00,2015-06-21 00:30:00
Australia/South,2014-12-20 15:00:00,2014-12-21 01:30:00
Australia/Sydney,2015-06-20 15:00:00,2015-06-21 01:00:00
Australia/Sydney,2014-12-20 15:00:00,2014-12-21 02:00:00
Australia/Tasmania,2015-06-20 15:00:00,2015-06-21 01:00:00
Australia/Tasmania,2014-12-20 15:00:00,2014-12-21 02:00:00
Australia/Victoria,2015-06-20 15:00:00,2015-06-21 01:00:00
Australia/Victoria,2014-12-20 15:00:00,2014-12-21 02:00:00
Australia/West,2015-06-20 15:00:00,2015-06-20 23:00:00
Australia/Yancowinna,2015-06-20 15:00:00,2015-06-21 00:30:00
Australia/Yancowinna,2014-12-20 15:00:00,2014-12-21 01:30:00
BET,2015-06-20 15:00:00,2015-06-20 12:00:00
BET,2014-12-20 15:00:00,2014-12-20 13:00:00
BST,2015-06-20 15:00:00,2015-06-20 21:00:00
Brazil/Acre,2015-06-20 15:00:00,2015-06-20 10:00:00
Brazil/DeNoronha,2015-06-20 15:00:00,2015-06-20 13:00:00
Brazil/East,2015-06-20 15:00:00,2015-06-20 12:00:00
Brazil/East,2014-12-20 15:00:00,2014-12-20 13:00:00
Brazil/West,2015-06-20 15:00:00,2015-06-20 11:00:00
CAT,2015-06-20 15:00:00,2015-06-20 17:00:00
CET,2015-06-20 15:00:00,2015-06-20 17:00:00
CET,2014-12-20 15:00:00,2014-12-20 16:00:00
CNT,2015-06-20 15:00:00,2015-06-20 12:30:00
CNT,2014-12-20 15:00:00,2014-12-20 11:30:00
CST,2015-06-20 15:00:00,2015-06-20 10:00:00
CST,2014-12-20 15:00:00,2014-12-20 09:00:00
CST6CDT,2015-06-20 15:00:00,2015-06-20 10:00:00
CST6CDT,2014-12-20 15:00:00,2014-12-20 09:00:00
CTT,2015-06-20 15:00:00,2015-06-20 23:00:00
Canada/Atlantic,2015-06-20 15:00:00,2015-06-20 12:00:00
Canada/Atlantic,2014-12-20 15:00:00,2014-12-20 11:00:00
Canada/Central,2015-06-20 15:00:00,2015-06-20 10:00:00
Canada/Central,2014-12-20 15:00:00,2014-12-20 09:00:00
Canada/Eastern,2015-06-20 15:00:00,2015-06-20 11:00:00
Canada/Eastern,2014-12-20 15:00:00,2014-12-20 10:00:00
Canada/Mountain,2015-06-20 15:00:00,2015-06-20 09:00:00
Canada/Mountain,2014-12-20 15:00:00,2014-12-20 08:00:00
Canada/Newfoundland,2015-06-20 15:00:00,2015-06-20 12:30:00
Canada/Newfoundland,2014-12-20 15:00:00,2014-12-20 11:30:00
Canada/Pacific,2015-06-20 15:00:00,2015-06-20 08:00:00
Canada/Pacific,2014-12-20 15:00:00,2014-12-20 07:00:00
Canada/Saskatchewan,2015-06-20 15:00:00,2015-06-20 09:00:00
Canada/Yukon,2015-06-20 15:00:00,2015-06-20 08:00:00
Canada/Yukon,2014-12-20 15:00:00,2014-12-20 07:00:00
Chile/Continental,2015-06-20 15:00:00,2015-06-20 12:00:00
Chile/Continental,2014-12-20 15:00:00,2014-12-20 12:00:00
Chile/EasterIsland,2015-06-20 15:00:00,2015-06-20 10:00:00
Chile/EasterIsland,2014-12-20 15:00:00,2014-12-20 10:00:00
Cuba,2015-06-20 15:00:00,2015-06-20 11:00:00
Cuba,2014-12-20 15:00:00,2014-12-20 10:00:00
EAT,2015-06-20 15:00:00,2015-06-20 18:00:00
ECT,2015-06-20 15:00:00,2015-06-20 17:00:00
ECT,2014-12-20 15:00:00,2014-12-20 16:00:00
EET,2015-06-20 15:00:00,2015-06-20 18:00:00
EET,2014-12-20 15:00:00,2014-12-20 17:00:00
EST,2015-06-20 15:00:00,2015-06-20 10:00:00
EST5EDT,2015-06-20 15:00:00,2015-06-20 11:00:00
EST5EDT,2014-12-20 15:00:00,2014-12-20 10:00:00
Egypt,2014-06-20 15:00:00,2014-06-20 18:00:00
Egypt,2014-12-20 15:00:00,2014-12-20 17:00:00
Eire,2015-06-20 15:00:00,2015-06-20 16:00:00
Eire,2014-12-20 15:00:00,2014-12-20 15:00:00
Etc/GMT,2015-06-20 15:00:00,2015-06-20 15:00:00
Etc/GMT+0,2015-06-20 15:00:00,2015-06-20 15:00:00
Etc/GMT+1,2015-06-20 15:00:00,2015-06-20 14:00:00
Etc/GMT+10,2015-06-20 15:00:00,2015-06-20 05:00:00
Etc/GMT+11,2015-06-20 15:00:00,2015-06-20 04:00:00
Etc/GMT+12,2015-06-20 15:00:00,2015-06-20 03:00:00
Etc/GMT+2,2015-06-20 15:00:00,2015-06-20 13:00:00
Etc/GMT+3,2015-06-20 15:00:00,2015-06-20 12:00:00
Etc/GMT+4,2015-06-20 15:00:00,2015-06-20 11:00:00
Etc/GMT+5,2015-06-20 15:00:00,2015-06-20 10:00:00
Etc/GMT+6,2015-06-20 15:00:00,2015-06-20 09:00:00
Etc/GMT+7,2015-06-20 15:00:00,2015-06-20 08:00:00
Etc/GMT+8,2015-06-20 15:00:00,2015-06-20 07:00:00
Etc/GMT+9,2015-06-20 15:00:00,2015-06-20 06:00:00
Etc/GMT-0,2015-06-20 15:00:00,2015-06-20 15:00:00
Etc/GMT-1,2015-06-20 15:00:00,2015-06-20 16:00:00
Etc/GMT-10,2015-06-20 15:00:00,2015-06-21 01:00:00
Etc/GMT-11,2015-06-20 15:00:00,2015-06-21 02:00:00
Etc/GMT-12,2015-06-20 15:00:00,2015-06-21 03:00:00
Etc/GMT-13,2015-06-20 15:00:00,2015-06-21 04:00:00
Etc/GMT-14,2015-06-20 15:00:00,2015-06-21 05:00:00
Etc/GMT-2,2015-06-20 15:00:00,2015-06-20 17:00:00
Etc/GMT-3,2015-06-20 15:00:00,2015-06-20 18:00:00
Etc/GMT-4,2015-06-20 15:00:00,2015-06-20 19:00:00
Etc/GMT-5,2015-06-20 15:00:00,2015-06-20 20:00:00
Etc/GMT-6,2015-06-20 15:00:00,2015-06-20 21:00:00
Etc/GMT-7,2015-06-20 15:00:00,2015-06-20 22:00:00
Etc/GMT-8,2015-06-20 15:00:00,2015-06-20 23:00:00
Etc/GMT-9,2015-06-20 15:00:00,2015-06-21 00:00:00
Etc/GMT0,2015-06-20 15:00:00,2015-06-20 15:00:00
Etc/Greenwich,2015-06-20 15:00:00,2015-06-20 15:00:00
Etc/UCT,2015-06-20 15:00:00,2015-06-20 15:00:00
Etc/UTC,2015-06-20 15:00:00,2015-06-20 15:00:00
Etc/Universal,2015-06-20 15:00:00,2015-06-20 15:00:00
Etc/Zulu,2015-06-20 15:00:00,2015-06-20 15:00:00
Europe/Amsterdam,2015-06-20 15:00:00,2015-06-20 17:00:00
Europe/Amsterdam,2014-12-20 15:00:00,2014-12-20 16:00:00
Europe/Andorra,2015-06-20 15:00:00,2015-06-20 17:00:00
Europe/Andorra,2014-12-20 15:00:00,2014-12-20 16:00:00
Europe/Athens,2015-06-20 15:00:00,2015-06-20 18:00:00
Europe/Athens,2014-12-20 15:00:00,2014-12-20 17:00:00
Europe/Belfast,2015-06-20 15:00:00,2015-06-20 16:00:00
Europe/Belfast,2014-12-20 15:00:00,2014-12-20 15:00:00
Europe/Belgrade,2015-06-20 15:00:00,2015-06-20 17:00:00
Europe/Belgrade,2014-12-20 15:00:00,2014-12-20 16:00:00
Europe/Berlin,2015-06-20 15:00:00,2015-06-20 17:00:00
Europe/Berlin,2014-12-20 15:00:00,2014-12-20 16:00:00
Europe/Bratislava,2015-06-20 15:00:00,2015-06-20 17:00:00
Europe/Bratislava,2014-12-20 15:00:00,2014-12-20 16:00:00
Europe/Brussels,2015-06-20 15:00:00,2015-06-20 17:00:00
Europe/Brussels,2014-12-20 15:00:00,2014-12-20 16:00:00
Europe/Bucharest,2015-06-20 15:00:00,2015-06-20 18:00:00
Europe/Bucharest,2014-12-20 15:00:00,2014-12-20 17:00:00
Europe/Budapest,2015-06-20 15:00:00,2015-06-20 17:00:00
Europe/Budapest,2014-12-20 15:00:00,2014-12-20 16:00:00
Europe/Busingen,2015-06-20 15:00:00,2015-06-20 17:00:00
Europe/Busingen,2014-12-20 15:00:00,2014-12-20 16:00:00
Europe/Chisinau,2015-06-20 15:00:00,2015-06-20 18:00:00
Europe/Chisinau,2014-12-20 15:00:00,2014-12-20 17:00:00
Europe/Copenhagen,2015-06-20 15:00:00,2015-06-20 17:00:00
Europe/Copenhagen,2014-12-20 15:00:00,2014-12-20 16:00:00
Europe/Dublin,2015-06-20 15:00:00,2015-06-20 16:00:00
Europe/Dublin,2014-12-20 15:00:00,2014-12-20 15:00:00
Europe/Gibraltar,2015-06-20 15:00:00,2015-06-20 17:00:00
Europe/Gibraltar,2014-12-20 15:00:00,2014-12-20 16:00:00
Europe/Guernsey,2015-06-20 15:00:00,2015-06-20 16:00:00
Europe/Guernsey,2014-12-20 15:00:00,2014-12-20 15:00:00
Europe/Helsinki,2015-06-20 15:00:00,2015-06-20 18:00:00
Europe/Helsinki,2014-12-20 15:00:00,2014-12-20 17:00:00
Europe/Isle_of_Man,2015-06-20 15:00:00,2015-06-20 16:00:00
Europe/Isle_of_Man,2014-12-20 15:00:00,2014-12-20 15:00:00
Europe/Istanbul,2015-06-20 15:00:00,2015-06-20 18:00:00
Europe/Istanbul,2014-12-20 15:00:00,2014-12-20 17:00:00
Europe/Jersey,2015-06-20 15:00:00,2015-06-20 16:00:00
Europe/Jersey,2014-12-20 15:00:00,2014-12-20 15:00:00
Europe/Kaliningrad,2015-06-20 15:00:00,2015-06-20 17:00:00
Europe/Kiev,2015-06-20 15:00:00,2015-06-20 18:00:00
Europe/Kiev,2014-12-20 15:00:00,2014-12-20 17:00:00
Europe/Lisbon,2015-06-20 15:00:00,2015-06-20 16:00:00
Europe/Lisbon,2014-12-20 15:00:00,2014-12-20 15:00:00
Europe/Ljubljana,2015-06-20 15:00:00,2015-06-20 17:00:00
Europe/Ljubljana,2014-12-20 15:00:00,2014-12-20 16:00:00
Europe/London,2015-06-20 15:00:00,2015-06-20 16:00:00
Europe/London,2014-12-20 15:00:00,2014-12-20 15:00:00
Europe/Luxembourg,2015-06-20 15:00:00,2015-06-20 17:00:00
Europe/Luxembourg,2014-12-20 15:00:00,2014-12-20 16:00:00
Europe/Madrid,2015-06-20 15:00:00,2015-06-20 17:00:00
Europe/Madrid,2014-12-20 15:00:00,2014-12-20 16:00:00
Europe/Malta,2015-06-20 15:00:00,2015-06-20 17:00:00
Europe/Malta,2014-12-20 15:00:00,2014-12-20 16:00:00
Europe/Mariehamn,2015-06-20 15:00:00,2015-06-20 18:00:00
Europe/Mariehamn,2014-12-20 15:00:00,2014-12-20 17:00:00
Europe/Minsk,2015-06-20 15:00:00,2015-06-20 18:00:00
Europe/Monaco,2015-06-20 15:00:00,2015-06-20 17:00:00
Europe/Monaco,2014-12-20 15:00:00,2014-12-20 16:00:00
Europe/Moscow,2014-06-20 15:00:00,2014-06-20 19:00:00
Europe/Nicosia,2015-06-20 15:00:00,2015-06-20 18:00:00
Europe/Nicosia,2014-12-20 15:00:00,2014-12-20 17:00:00
Europe/Oslo,2015-06-20 15:00:00,2015-06-20 17:00:00
Europe/Oslo,2014-12-20 15:00:00,2014-12-20 16:00:00
Europe/Paris,2015-06-20 15:00:00,2015-06-20 17:00:00
Europe/Paris,2014-12-20 15:00:00,2014-12-20 16:00:00
Europe/Podgorica,2015-06-20 15:00:00,2015-06-20 17:00:00
Europe/Podgorica,2014-12-20 15:00:00,2014-12-20 16:00:00
Europe/Prague,2015-06-20 15:00:00,2015-06-20 17:00:00
Europe/Prague,2014-12-20 15:00:00,2014-12-20 16:00:00
Europe/Riga,2015-06-20 15:00:00,2015-06-20 18:00:00
Europe/Riga,2014-12-20 15:00:00,2014-12-20 17:00:00
Europe/Rome,2015-06-20 15:00:00,2015-06-20 17:00:00
Europe/Rome,2014-12-20 15:00:00,2014-12-20 16:00:00
Europe/Samara,2015-06-20 15:00:00,2015-06-20 19:00:00
Europe/San_Marino,2015-06-20 15:00:00,2015-06-20 17:00:00
Europe/San_Marino,2014-12-20 15:00:00,2014-12-20 16:00:00
Europe/Sarajevo,2015-06-20 15:00:00,2015-06-20 17:00:00
Europe/Sarajevo,2014-12-20 15:00:00,2014-12-20 16:00:00
Europe/Simferopol,2015-06-20 15:00:00,2015-06-20 18:00:00
Europe/Skopje,2015-06-20 15:00:00,2015-06-20 17:00:00
Europe/Skopje,2014-12-20 15:00:00,2014-12-20 16:00:00
Europe/Sofia,2015-06-20 15:00:00,2015-06-20 18:00:00
Europe/Sofia,2014-12-20 15:00:00,2014-12-20 17:00:00
Europe/Stockholm,2015-06-20 15:00:00,2015-06-20 17:00:00
Europe/Stockholm,2014-12-20 15:00:00,2014-12-20 16:00:00
Europe/Tallinn,2015-06-20 15:00:00,2015-06-20 18:00:00
Europe/Tallinn,2014-12-20 15:00:00,2014-12-20 17:00:00
Europe/Tirane,2015-06-20 15:00:00,2015-06-20 17:00:00
Europe/Tirane,2014-12-20 15:00:00,2014-12-20 16:00:00
Europe/Tiraspol,2015-06-20 15:00:00,2015-06-20 18:00:00
Europe/Tiraspol,2014-12-20 15:00:00,2014-12-20 17:00:00
Europe/Uzhgorod,2015-06-20 15:00:00,2015-06-20 18:00:00
Europe/Uzhgorod,2014-12-20 15:00:00,2014-12-20 17:00:00
Europe/Vaduz,2015-06-20 15:00:00,2015-06-20 17:00:00
Europe/Vaduz,2014-12-20 15:00:00,2014-12-20 16:00:00
Europe/Vatican,2015-06-20 15:00:00,2015-06-20 17:00:00
Europe/Vatican,2014-12-20 15:00:00,2014-12-20 16:00:00
Europe/Vienna,2015-06-20 15:00:00,2015-06-20 17:00:00
Europe/Vienna,2014-12-20 15:00:00,2014-12-20 16:00:00
Europe/Vilnius,2015-06-20 15:00:00,2015-06-20 18:00:00
Europe/Vilnius,2014-12-20 15:00:00,2014-12-20 17:00:00
Europe/Volgograd,2015-06-20 15:00:00,2015-06-20 18:00:00
Europe/Warsaw,2015-06-20 15:00:00,2015-06-20 17:00:00
Europe/Warsaw,2014-12-20 15:00:00,2014-12-20 16:00:00
Europe/Zagreb,2015-06-20 15:00:00,2015-06-20 17:00:00
Europe/Zagreb,2014-12-20 15:00:00,2014-12-20 16:00:00
Europe/Zaporozhye,2015-06-20 15:00:00,2015-06-20 18:00:00
Europe/Zaporozhye,2014-12-20 15:00:00,2014-12-20 17:00:00
Europe/Zurich,2015-06-20 15:00:00,2015-06-20 17:00:00
Europe/Zurich,2014-12-20 15:00:00,2014-12-20 16:00:00
GB,2015-06-20 15:00:00,2015-06-20 16:00:00
GB,2014-12-20 15:00:00,2014-12-20 15:00:00
GB-Eire,2015-06-20 15:00:00,2015-06-20 16:00:00
GB-Eire,2014-12-20 15:00:00,2014-12-20 15:00:00
GMT,2015-06-20 15:00:00,2015-06-20 15:00:00
GMT0,2015-06-20 15:00:00,2015-06-20 15:00:00
Greenwich,2015-06-20 15:00:00,2015-06-20 15:00:00
HST,2015-06-20 15:00:00,2015-06-20 05:00:00
Hongkong,2015-06-20 15:00:00,2015-06-20 23:00:00
IET,2015-06-20 15:00:00,2015-06-20 11:00:00
IET,2014-12-20 15:00:00,2014-12-20 10:00:00
IST,2015-06-20 15:00:00,2015-06-20 20:30:00
Iceland,2015-06-20 15:00:00,2015-06-20 15:00:00
Indian/Antananarivo,2015-06-20 15:00:00,2015-06-20 18:00:00
Indian/Chagos,2015-06-20 15:00:00,2015-06-20 21:00:00
Indian/Christmas,2015-06-20 15:00:00,2015-06-20 22:00:00
Indian/Cocos,2015-06-20 15:00:00,2015-06-20 21:30:00
Indian/Comoro,2015-06-20 15:00:00,2015-06-20 18:00:00
Indian/Kerguelen,2015-06-20 15:00:00,2015-06-20 20:00:00
Indian/Mahe,2015-06-20 15:00:00,2015-06-20 19:00:00
Indian/Maldives,2015-06-20 15:00:00,2015-06-20 20:00:00
Indian/Mauritius,2015-06-20 15:00:00,2015-06-20 19:00:00
Indian/Mayotte,2015-06-20 15:00:00,2015-06-20 18:00:00
Indian/Reunion,2015-06-20 15:00:00,2015-06-20 19:00:00
Iran,2015-06-20 15:00:00,2015-06-20 19:30:00
Iran,2014-12-20 15:00:00,2014-12-20 18:30:00
Israel,2015-06-20 15:00:00,2015-06-20 18:00:00
Israel,2014-12-20 15:00:00,2014-12-20 17:00:00
JST,2015-06-20 15:00:00,2015-06-21 00:00:00
Jamaica,2015-06-20 15:00:00,2015-06-20 10:00:00
Japan,2015-06-20 15:00:00,2015-06-21 00:00:00
Kwajalein,2015-06-20 15:00:00,2015-06-21 03:00:00
Libya,2015-06-20 15:00:00,2015-06-20 17:00:00
MET,2015-06-20 15:00:00,2015-06-20 17:00:00
MET,2014-12-20 15:00:00,2014-12-20 16:00:00
MIT,2015-06-20 15:00:00,2015-06-21 04:00:00
MIT,2014-12-20 15:00:00,2014-12-21 05:00:00
MST,2015-06-20 15:00:00,2015-06-20 08:00:00
MST7MDT,2015-06-20 15:00:00,2015-06-20 09:00:00
MST7MDT,2014-12-20 15:00:00,2014-12-20 08:00:00
Mexico/BajaNorte,2015-06-20 15:00:00,2015-06-20 08:00:00
Mexico/BajaNorte,2014-12-20 15:00:00,2014-12-20 07:00:00
Mexico/BajaSur,2015-06-20 15:00:00,2015-06-20 09:00:00
Mexico/BajaSur,2014-12-20 15:00:00,2014-12-20 08:00:00
Mexico/General,2015-06-20 15:00:00,2015-06-20 10:00:00
Mexico/General,2014-12-20 15:00:00,2014-12-20 09:00:00
NET,2015-06-20 15:00:00,2015-06-20 19:00:00
NST,2015-06-20 15:00:00,2015-06-21 03:00:00
NST,2014-12-20 15:00:00,2014-12-21 04:00:00
NZ,2015-06-20 15:00:00,2015-06-21 03:00:00
NZ,2014-12-20 15:00:00,2014-12-21 04:00:00
NZ-CHAT,2015-06-20 15:00:00,2015-06-21 03:45:00
NZ-CHAT,2014-12-20 15:00:00,2014-12-21 04:45:00
Navajo,2015-06-20 15:00:00,2015-06-20 09:00:00
Navajo,2014-12-20 15:00:00,2014-12-20 08:00:00
PLT,2015-06-20 15:00:00,2015-06-20 20:00:00
PNT,2015-06-20 15:00:00,2015-06-20 08:00:00
PRC,2015-06-20 15:00:00,2015-06-20 23:00:00
PRT,2015-06-20 15:00:00,2015-06-20 11:00:00
PST,2015-06-20 15:00:00,2015-06-20 08:00:00
PST,2014-12-20 15:00:00,2014-12-20 07:00:00
PST8PDT,2015-06-20 15:00:00,2015-06-20 08:00:00
PST8PDT,2014-12-20 15:00:00,2014-12-20 07:00:00
Pacific/Apia,2015-06-20 15:00:00,2015-06-21 04:00:00
Pacific/Apia,2014-12-20 15:00:00,2014-12-21 05:00:00
Pacific/Auckland,2015-06-20 15:00:00,2015-06-21 03:00:00
Pacific/Auckland,2014-12-20 15:00:00,2014-12-21 04:00:00
Pacific/Bougainville,2015-06-20 15:00:00,2015-06-21 02:00:00
Pacific/Chatham,2015-06-20 15:00:00,2015-06-21 03:45:00
Pacific/Chatham,2014-12-20 15:00:00,2014-12-21 04:45:00
Pacific/Chuuk,2015-06-20 15:00:00,2015-06-21 01:00:00
Pacific/Easter,2015-06-20 15:00:00,2015-06-20 10:00:00
Pacific/Easter,2014-12-20 15:00:00,2014-12-20 10:00:00
Pacific/Efate,2015-06-20 15:00:00,2015-06-21 02:00:00
Pacific/Enderbury,2015-06-20 15:00:00,2015-06-21 04:00:00
Pacific/Fakaofo,2015-06-20 15:00:00,2015-06-21 04:00:00
Pacific/Fiji,2015-06-20 15:00:00,2015-06-21 03:00:00
Pacific/Fiji,2014-12-20 15:00:00,2014-12-21 04:00:00
Pacific/Funafuti,2015-06-20 15:00:00,2015-06-21 03:00:00
Pacific/Galapagos,2015-06-20 15:00:00,2015-06-20 09:00:00
Pacific/Gambier,2015-06-20 15:00:00,2015-06-20 06:00:00
Pacific/Guadalcanal,2015-06-20 15:00:00,2015-06-21 02:00:00
Pacific/Guam,2015-06-20 15:00:00,2015-06-21 01:00:00
Pacific/Honolulu,2015-06-20 15:00:00,2015-06-20 05:00:00
Pacific/Johnston,2015-06-20 15:00:00,2015-06-20 05:00:00
Pacific/Kiritimati,2015-06-20 15:00:00,2015-06-21 05:00:00
Pacific/Kosrae,2015-06-20 15:00:00,2015-06-21 02:00:00
Pacific/Kwajalein,2015-06-20 15:00:00,2015-06-21 03:00:00
Pacific/Majuro,2015-06-20 15:00:00,2015-06-21 03:00:00
Pacific/Marquesas,2015-06-20 15:00:00,2015-06-20 05:30:00
Pacific/Midway,2015-06-20 15:00:00,2015-06-20 04:00:00
Pacific/Nauru,2015-06-20 15:00:00,2015-06-21 03:00:00
Pacific/Niue,2015-06-20 15:00:00,2015-06-20 04:00:00
Pacific/Norfolk,2015-06-20 15:00:00,2015-06-21 02:30:00
Pacific/Noumea,2015-06-20 15:00:00,2015-06-21 02:00:00
Pacific/Pago_Pago,2015-06-20 15:00:00,2015-06-20 04:00:00
Pacific/Palau,2015-06-20 15:00:00,2015-06-21 00:00:00
Pacific/Pitcairn,2015-06-20 15:00:00,2015-06-20 07:00:00
Pacific/Pohnpei,2015-06-20 15:00:00,2015-06-21 02:00:00
Pacific/Ponape,2015-06-20 15:00:00,2015-06-21 02:00:00
Pacific/Port_Moresby,2015-06-20 15:00:00,2015-06-21 01:00:00
Pacific/Rarotonga,2015-06-20 15:00:00,2015-06-20 05:00:00
Pacific/Saipan,2015-06-20 15:00:00,2015-06-21 01:00:00
Pacific/Samoa,2015-06-20 15:00:00,2015-06-20 04:00:00
Pacific/Tahiti,2015-06-20 15:00:00,2015-06-20 05:00:00
Pacific/Tarawa,2015-06-20 15:00:00,2015-06-21 03:00:00
Pacific/Tongatapu,2015-06-20 15:00:00,2015-06-21 04:00:00
Pacific/Truk,2015-06-20 15:00:00,2015-06-21 01:00:00
Pacific/Wake,2015-06-20 15:00:00,2015-06-21 03:00:00
Pacific/Wallis,2015-06-20 15:00:00,2015-06-21 03:00:00
Pacific/Yap,2015-06-20 15:00:00,2015-06-21 01:00:00
Poland,2015-06-20 15:00:00,2015-06-20 17:00:00
Poland,2014-12-20 15:00:00,2014-12-20 16:00:00
Portugal,2015-06-20 15:00:00,2015-06-20 16:00:00
Portugal,2014-12-20 15:00:00,2014-12-20 15:00:00
ROK,2015-06-20 15:00:00,2015-06-21 00:00:00
SST,2015-06-20 15:00:00,2015-06-21 02:00:00
Singapore,2015-06-20 15:00:00,2015-06-20 23:00:00
SystemV/AST4,2015-06-20 15:00:00,2015-06-20 11:00:00
SystemV/AST4ADT,2015-06-20 15:00:00,2015-06-20 12:00:00
SystemV/AST4ADT,2014-12-20 15:00:00,2014-12-20 11:00:00
SystemV/CST6,2015-06-20 15:00:00,2015-06-20 09:00:00
SystemV/CST6CDT,2015-06-20 15:00:00,2015-06-20 10:00:00
SystemV/CST6CDT,2014-12-20 15:00:00,2014-12-20 09:00:00
SystemV/EST5,2015-06-20 15:00:00,2015-06-20 10:00:00
SystemV/EST5EDT,2015-06-20 15:00:00,2015-06-20 11:00:00
SystemV/EST5EDT,2014-12-20 15:00:00,2014-12-20 10:00:00
SystemV/HST10,2015-06-20 15:00:00,2015-06-20 05:00:00
SystemV/MST7,2015-06-20 15:00:00,2015-06-20 08:00:00
SystemV/MST7MDT,2015-06-20 15:00:00,2015-06-20 09:00:00
SystemV/MST7MDT,2014-12-20 15:00:00,2014-12-20 08:00:00
SystemV/PST8,2015-06-20 15:00:00,2015-06-20 07:00:00
SystemV/PST8PDT,2015-06-20 15:00:00,2015-06-20 08:00:00
SystemV/PST8PDT,2014-12-20 15:00:00,2014-12-20 07:00:00
SystemV/YST9,2015-06-20 15:00:00,2015-06-20 06:00:00
SystemV/YST9YDT,2015-06-20 15:00:00,2015-06-20 07:00:00
SystemV/YST9YDT,2014-12-20 15:00:00,2014-12-20 06:00:00
Turkey,2015-06-20 15:00:00,2015-06-20 18:00:00
Turkey,2014-12-20 15:00:00,2014-12-20 17:00:00
UCT,2015-06-20 15:00:00,2015-06-20 15:00:00
US/Alaska,2015-06-20 15:00:00,2015-06-20 07:00:00
US/Alaska,2014-12-20 15:00:00,2014-12-20 06:00:00
US/Aleutian,2015-06-20 15:00:00,2015-06-20 06:00:00
US/Aleutian,2014-12-20 15:00:00,2014-12-20 05:00:00
US/Arizona,2015-06-20 15:00:00,2015-06-20 08:00:00
US/Central,2015-06-20 15:00:00,2015-06-20 10:00:00
US/Central,2014-12-20 15:00:00,2014-12-20 09:00:00
US/East-Indiana,2015-06-20 15:00:00,2015-06-20 11:00:00
US/East-Indiana,2014-12-20 15:00:00,2014-12-20 10:00:00
US/Eastern,2015-06-20 15:00:00,2015-06-20 11:00:00
US/Eastern,2014-12-20 15:00:00,2014-12-20 10:00:00
US/Hawaii,2015-06-20 15:00:00,2015-06-20 05:00:00
US/Indiana-Starke,2015-06-20 15:00:00,2015-06-20 10:00:00
US/Indiana-Starke,2014-12-20 15:00:00,2014-12-20 09:00:00
US/Michigan,2015-06-20 15:00:00,2015-06-20 11:00:00
US/Michigan,2014-12-20 15:00:00,2014-12-20 10:00:00
US/Mountain,2015-06-20 15:00:00,2015-06-20 09:00:00
US/Mountain,2014-12-20 15:00:00,2014-12-20 08:00:00
US/Pacific,2015-06-20 15:00:00,2015-06-20 08:00:00
US/Pacific,2014-12-20 15:00:00,2014-12-20 07:00:00
US/Pacific-New,2015-06-20 15:00:00,2015-06-20 08:00:00
US/Pacific-New,2014-12-20 15:00:00,2014-12-20 07:00:00
US/Samoa,2015-06-20 15:00:00,2015-06-20 04:00:00
UTC,2015-06-20 15:00:00,2015-06-20 15:00:00
Universal,2015-06-20 15:00:00,2015-06-20 15:00:00
VST,2015-06-20 15:00:00,2015-06-20 22:00:00
W-SU,2015-06-20 15:00:00,2015-06-20 18:00:00
WET,2015-06-20 15:00:00,2015-06-20 16:00:00
WET,2014-12-20 15:00:00,2014-12-20 15:00:00
Zulu,2015-06-20 15:00:00,2015-06-20 15:00:00
